课次,大组主题,小组,序号,单词,词性,释义,认识(打✓),不认识(打✗),备注
第1课,学校生活与学习,校园场所与设施,1,school,n.,学校,,,
第1课,学校生活与学习,校园场所与设施,2,classroom,n.,教室,,,
第1课,学校生活与学习,校园场所与设施,3,library,n.,图书馆,,,
第1课,学校生活与学习,校园场所与设施,4,playground,n.,操场,,,
第1课,学校生活与学习,校园场所与设施,5,office,n.,办公室,,,
第1课,学校生活与学习,校园场所与设施,6,laboratory,n.,实验室,,,
第1课,学校生活与学习,校园场所与设施,7,canteen,n.,食堂,,,
第1课,学校生活与学习,校园场所与设施,8,dormitory,n.,宿舍,,,
第1课,学校生活与学习,校园场所与设施,9,gym,n.,体育馆,,,
第1课,学校生活与学习,校园场所与设施,10,hall,n.,大厅,,,
第1课,学校生活与学习,校园场所与设施,11,campus,n.,校园,,,
第1课,学校生活与学习,校园场所与设施,12,gate,n.,大门,,,
第1课,学校生活与学习,校园场所与设施,13,building,n.,建筑物,,,
第1课,学校生活与学习,校园场所与设施,14,floor,n.,楼层,,,
第1课,学校生活与学习,校园场所与设施,15,desk,n.,课桌,,,
第1课,学校生活与学习,校园场所与设施,16,blackboard,n.,黑板,,,
第1课,学校生活与学习,校园场所与设施,17,computer,n.,电脑,,,
第1课,学校生活与学习,校园场所与设施,18,screen,n.,屏幕,,,
第1课,学校生活与学习,校园场所与设施,19,poster,n.,海报,,,
第1课,学校生活与学习,校园场所与设施,20,notice,n.,通知,,,
第1课,学校生活与学习,学习用品与书本,1,book,n.,书,,,
第1课,学校生活与学习,学习用品与书本,2,textbook,n.,课本,,,
第1课,学校生活与学习,学习用品与书本,3,notebook,n.,笔记本,,,
第1课,学校生活与学习,学习用品与书本,4,dictionary,n.,词典,,,
第1课,学校生活与学习,学习用品与书本,5,pen,n.,钢笔,,,
第1课,学校生活与学习,学习用品与书本,6,pencil,n.,铅笔,,,
第1课,学校生活与学习,学习用品与书本,7,ruler,n.,尺子,,,
第1课,学校生活与学习,学习用品与书本,8,eraser,n.,橡皮,,,
第1课,学校生活与学习,学习用品与书本,9,bag,n.,书包,,,
第1课,学校生活与学习,学习用品与书本,10,paper,n.,纸,,,
第1课,学校生活与学习,学习用品与书本,11,card,n.,卡片,,,
第1课,学校生活与学习,学习用品与书本,12,map,n.,地图,,,
第1课,学校生活与学习,学习用品与书本,13,picture,n.,图画,,,
第1课,学校生活与学习,学习用品与书本,14,photo,n.,照片,,,
第1课,学校生活与学习,学习用品与书本,15,letter,n.,信,,,
第1课,学校生活与学习,学习用品与书本,16,magazine,n.,杂志,,,
第1课,学校生活与学习,学习用品与书本,17,newspaper,n.,报纸,,,
第1课,学校生活与学习,学习用品与书本,18,novel,n.,小说,,,
第1课,学校生活与学习,学习用品与书本,19,article,n.,文章,,,
第1课,学校生活与学习,学习用品与书本,20,diary,n.,日记,,,
第1课,学校生活与学习,学科与课程,1,subject,n.,科目,,,
第1课,学校生活与学习,学科与课程,2,lesson,n.,课,,,
第1课,学校生活与学习,学科与课程,3,course,n.,课程,,,
第1课,学校生活与学习,学科与课程,4,class,n.,班级/课,,,
第1课,学校生活与学习,学科与课程,5,math,n.,数学,,,
第1课,学校生活与学习,学科与课程,6,physics,n.,物理,,,
第1课,学校生活与学习,学科与课程,7,chemistry,n.,化学,,,
第1课,学校生活与学习,学科与课程,8,biology,n.,生物,,,
第1课,学校生活与学习,学科与课程,9,geography,n.,地理,,,
第1课,学校生活与学习,学科与课程,10,history,n.,历史,,,
第1课,学校生活与学习,学科与课程,11,art,n.,美术,,,
第1课,学校生活与学习,学科与课程,12,music,n.,音乐,,,
第1课,学校生活与学习,学科与课程,13,science,n.,科学,,,
第1课,学校生活与学习,学科与课程,14,language,n.,语言,,,
第1课,学校生活与学习,学科与课程,15,English,n.,英语,,,
第1课,学校生活与学习,学科与课程,16,Chinese,n.,语文,,,
第1课,学校生活与学习,学科与课程,17,foreign,adj.,外国的,,,
第1课,学校生活与学习,学科与课程,18,exam,n.,考试,,,
第1课,学校生活与学习,学科与课程,19,test,n.,测验,,,
第1课,学校生活与学习,学科与课程,20,quiz,n.,小测验,,,
第1课,学校生活与学习,学习动作与技能,1,study,v.,学习,,,
第1课,学校生活与学习,学习动作与技能,2,learn,v.,学会,,,
第1课,学校生活与学习,学习动作与技能,3,teach,v.,教,,,
第1课,学校生活与学习,学习动作与技能,4,read,v.,读,,,
第1课,学校生活与学习,学习动作与技能,5,write,v.,写,,,
第1课,学校生活与学习,学习动作与技能,6,listen,v.,听,,,
第1课,学校生活与学习,学习动作与技能,7,speak,v.,说,,,
第1课,学校生活与学习,学习动作与技能,8,practice,v.,练习,,,
第1课,学校生活与学习,学习动作与技能,9,review,v.,复习,,,
第1课,学校生活与学习,学习动作与技能,10,memorize,v.,记忆,,,
第1课,学校生活与学习,学习动作与技能,11,understand,v.,理解,,,
第1课,学校生活与学习,学习动作与技能,12,explain,v.,解释,,,
第1课,学校生活与学习,学习动作与技能,13,answer,v.,回答,,,
第1课,学校生活与学习,学习动作与技能,14,ask,v.,问,,,
第1课,学校生活与学习,学习动作与技能,15,question,n.,问题,,,
第1课,学校生活与学习,学习动作与技能,16,solve,v.,解决,,,
第1课,学校生活与学习,学习动作与技能,17,complete,v.,完成,,,
第1课,学校生活与学习,学习动作与技能,18,finish,v.,结束,,,
第1课,学校生活与学习,学习动作与技能,19,improve,v.,提高,,,
第1课,学校生活与学习,学习动作与技能,20,master,v.,掌握,,,
第1课,学校生活与学习,考试与评价,1,grade,n.,分数/年级,,,
第1课,学校生活与学习,考试与评价,2,mark,n.,分数,,,
第1课,学校生活与学习,考试与评价,3,score,n.,得分,,,
第1课,学校生活与学习,考试与评价,4,result,n.,结果,,,
第1课,学校生活与学习,考试与评价,5,pass,v.,通过,,,
第1课,学校生活与学习,考试与评价,6,fail,v.,失败,,,
第1课,学校生活与学习,考试与评价,7,mistake,n.,错误,,,
第1课,学校生活与学习,考试与评价,8,error,n.,差错,,,
第1课,学校生活与学习,考试与评价,9,correct,adj.,正确的,,,
第1课,学校生活与学习,考试与评价,10,wrong,adj.,错误的,,,
第1课,学校生活与学习,考试与评价,11,check,v.,检查,,,
第1课,学校生活与学习,考试与评价,12,compare,v.,比较,,,
第1课,学校生活与学习,考试与评价,13,progress,n.,进步,,,
第1课,学校生活与学习,考试与评价,14,achievement,n.,成就,,,
第1课,学校生活与学习,考试与评价,15,level,n.,水平,,,
第1课,学校生活与学习,考试与评价,16,standard,n.,标准,,,
第1课,学校生活与学习,考试与评价,17,target,n.,目标,,,
第1课,学校生活与学习,考试与评价,18,goal,n.,目标,,,
第1课,学校生活与学习,考试与评价,19,effort,n.,努力,,,
第1课,学校生活与学习,考试与评价,20,ability,n.,能力,,,
第2课,家庭与人际关系,家庭成员,1,family,n.,家庭,,,
第2课,家庭与人际关系,家庭成员,2,parent,n.,父母,,,
第2课,家庭与人际关系,家庭成员,3,father,n.,父亲,,,
第2课,家庭与人际关系,家庭成员,4,mother,n.,母亲,,,
第2课,家庭与人际关系,家庭成员,5,brother,n.,兄弟,,,
第2课,家庭与人际关系,家庭成员,6,sister,n.,姐妹,,,
第2课,家庭与人际关系,家庭成员,7,grandparent,n.,祖父母,,,
第2课,家庭与人际关系,家庭成员,8,grandfather,n.,祖父,,,
第2课,家庭与人际关系,家庭成员,9,grandmother,n.,祖母,,,
第2课,家庭与人际关系,家庭成员,10,uncle,n.,叔叔,,,
第2课,家庭与人际关系,家庭成员,11,aunt,n.,阿姨,,,
第2课,家庭与人际关系,家庭成员,12,cousin,n.,表亲,,,
第2课,家庭与人际关系,家庭成员,13,son,n.,儿子,,,
第2课,家庭与人际关系,家庭成员,14,daughter,n.,女儿,,,
第2课,家庭与人际关系,家庭成员,15,child,n.,孩子,,,
第2课,家庭与人际关系,家庭成员,16,baby,n.,婴儿,,,
第2课,家庭与人际关系,家庭成员,17,husband,n.,丈夫,,,
第2课,家庭与人际关系,家庭成员,18,wife,n.,妻子,,,
第2课,家庭与人际关系,家庭成员,19,relative,n.,亲戚,,,
第2课,家庭与人际关系,家庭成员,20,member,n.,成员,,,
第2课,家庭与人际关系,朋友与人群,1,friend,n.,朋友,,,
第2课,家庭与人际关系,朋友与人群,2,friendship,n.,友谊,,,
第2课,家庭与人际关系,朋友与人群,3,neighbor,n.,邻居,,,
第2课,家庭与人际关系,朋友与人群,4,classmate,n.,同学,,,
第2课,家庭与人际关系,朋友与人群,5,partner,n.,搭档,,,
第2课,家庭与人际关系,朋友与人群,6,teammate,n.,队友,,,
第2课,家庭与人际关系,朋友与人群,7,stranger,n.,陌生人,,,
第2课,家庭与人际关系,朋友与人群,8,guest,n.,客人,,,
第2课,家庭与人际关系,朋友与人群,9,host,n.,主人,,,
第2课,家庭与人际关系,朋友与人群,10,visitor,n.,访客,,,
第2课,家庭与人际关系,朋友与人群,11,customer,n.,顾客,,,
第2课,家庭与人际关系,朋友与人群,12,audience,n.,观众,,,
第2课,家庭与人际关系,朋友与人群,13,crowd,n.,人群,,,
第2课,家庭与人际关系,朋友与人群,14,person,n.,人,,,
第2课,家庭与人际关系,朋友与人群,15,people,n.,人们,,,
第2课,家庭与人际关系,朋友与人群,16,human,n.,人类,,,
第2课,家庭与人际关系,朋友与人群,17,man,n.,男人,,,
第2课,家庭与人际关系,朋友与人群,18,woman,n.,女人,,,
第2课,家庭与人际关系,朋友与人群,19,gentleman,n.,绅士,,,
第2课,家庭与人际关系,朋友与人群,20,lady,n.,女士,,,
第2课,家庭与人际关系,社交动作动词,1,meet,v.,遇见,,,
第2课,家庭与人际关系,社交动作动词,2,greet,v.,打招呼,,,
第2课,家庭与人际关系,社交动作动词,3,introduce,v.,介绍,,,
第2课,家庭与人际关系,社交动作动词,4,invite,v.,邀请,,,
第2课,家庭与人际关系,社交动作动词,5,visit,v.,拜访,,,
第2课,家庭与人际关系,社交动作动词,6,call,v.,打电话,,,
第2课,家庭与人际关系,社交动作动词,7,help,v.,帮助,,,
第2课,家庭与人际关系,社交动作动词,8,share,v.,分享,,,
第2课,家庭与人际关系,社交动作动词,9,support,v.,支持,,,
第2课,家庭与人际关系,社交动作动词,10,trust,v.,信任,,,
第2课,家庭与人际关系,社交动作动词,11,believe,v.,相信,,,
第2课,家庭与人际关系,社交动作动词,12,respect,v.,尊敬,,,
第2课,家庭与人际关系,社交动作动词,13,admire,v.,钦佩,,,
第2课,家庭与人际关系,社交动作动词,14,praise,v.,表扬,,,
第2课,家庭与人际关系,社交动作动词,15,encourage,v.,鼓励,,,
第2课,家庭与人际关系,社交动作动词,16,comfort,v.,安慰,,,
第2课,家庭与人际关系,社交动作动词,17,forgive,v.,原谅,,,
第2课,家庭与人际关系,社交动作动词,18,apologize,v.,道歉,,,
第2课,家庭与人际关系,社交动作动词,19,thank,v.,感谢,,,
第2课,家庭与人际关系,社交动作动词,20,welcome,v.,欢迎,,,
第2课,家庭与人际关系,沟通交流动词,1,talk,v.,交谈,,,
第2课,家庭与人际关系,沟通交流动词,2,say,v.,说,,,
第2课,家庭与人际关系,沟通交流动词,3,tell,v.,告诉,,,
第2课,家庭与人际关系,沟通交流动词,4,reply,v.,回复,,,
第2课,家庭与人际关系,沟通交流动词,5,discuss,v.,讨论,,,
第2课,家庭与人际关系,沟通交流动词,6,argue,v.,争论,,,
第2课,家庭与人际关系,沟通交流动词,7,agree,v.,同意,,,
第2课,家庭与人际关系,沟通交流动词,8,disagree,v.,不同意,,,
第2课,家庭与人际关系,沟通交流动词,9,suggest,v.,建议,,,
第2课,家庭与人际关系,沟通交流动词,10,advise,v.,劝告,,,
第2课,家庭与人际关系,沟通交流动词,11,promise,v.,承诺,,,
第2课,家庭与人际关系,沟通交流动词,12,warn,v.,警告,,,
第2课,家庭与人际关系,沟通交流动词,13,remind,v.,提醒,,,
第2课,家庭与人际关系,沟通交流动词,14,complain,v.,抱怨,,,
第2课,家庭与人际关系,沟通交流动词,15,describe,v.,描述,,,
第2课,家庭与人际关系,沟通交流动词,16,report,v.,报告,,,
第2课,家庭与人际关系,沟通交流动词,17,announce,v.,宣布,,,
第2课,家庭与人际关系,沟通交流动词,18,whisper,v.,耳语,,,
第2课,家庭与人际关系,沟通交流动词,19,communicate,v.,交流,,,
第2课,家庭与人际关系,沟通交流动词,20,express,v.,表达,,,
第2课,家庭与人际关系,关系与沟通名词,1,relationship,n.,关系,,,
第2课,家庭与人际关系,关系与沟通名词,2,communication,n.,交流,,,
第2课,家庭与人际关系,关系与沟通名词,3,conversation,n.,会话,,,
第2课,家庭与人际关系,关系与沟通名词,4,message,n.,消息,,,
第2课,家庭与人际关系,关系与沟通名词,5,information,n.,信息,,,
第2课,家庭与人际关系,关系与沟通名词,6,news,n.,新闻,,,
第2课,家庭与人际关系,关系与沟通名词,7,secret,n.,秘密,,,
第2课,家庭与人际关系,关系与沟通名词,8,problem,n.,问题,,,
第2课,家庭与人际关系,关系与沟通名词,9,trouble,n.,麻烦,,,
第2课,家庭与人际关系,关系与沟通名词,10,difficulty,n.,困难,,,
第2课,家庭与人际关系,关系与沟通名词,11,solution,n.,解决办法,,,
第2课,家庭与人际关系,关系与沟通名词,12,advice,n.,建议,,,
第2课,家庭与人际关系,关系与沟通名词,13,suggestion,n.,提议,,,
第2课,家庭与人际关系,关系与沟通名词,14,opinion,n.,观点,,,
第2课,家庭与人际关系,关系与沟通名词,15,idea,n.,主意,,,
第2课,家庭与人际关系,关系与沟通名词,16,plan,n.,计划,,,
第2课,家庭与人际关系,关系与沟通名词,17,decision,n.,决定,,,
第2课,家庭与人际关系,关系与沟通名词,18,choice,n.,选择,,,
第2课,家庭与人际关系,关系与沟通名词,19,reason,n.,原因,,,
第2课,家庭与人际关系,关系与沟通名词,20,purpose,n.,目的,,,
第3课,饮食与健康,主食与肉类,1,food,n.,食物,,,
第3课,饮食与健康,主食与肉类,2,rice,n.,米饭,,,
第3课,饮食与健康,主食与肉类,3,bread,n.,面包,,,
第3课,饮食与健康,主食与肉类,4,noodle,n.,面条,,,
第3课,饮食与健康,主食与肉类,5,meat,n.,肉,,,
第3课,饮食与健康,主食与肉类,6,chicken,n.,鸡肉,,,
第3课,饮食与健康,主食与肉类,7,beef,n.,牛肉,,,
第3课,饮食与健康,主食与肉类,8,pork,n.,猪肉,,,
第3课,饮食与健康,主食与肉类,9,fish,n.,鱼,,,
第3课,饮食与健康,主食与肉类,10,egg,n.,鸡蛋,,,
第3课,饮食与健康,主食与肉类,11,milk,n.,牛奶,,,
第3课,饮食与健康,主食与肉类,12,cheese,n.,奶酪,,,
第3课,饮食与健康,主食与肉类,13,butter,n.,黄油,,,
第3课,饮食与健康,主食与肉类,14,sugar,n.,糖,,,
第3课,饮食与健康,主食与肉类,15,salt,n.,盐,,,
第3课,饮食与健康,主食与肉类,16,oil,n.,油,,,
第3课,饮食与健康,主食与肉类,17,soup,n.,汤,,,
第3课,饮食与健康,主食与肉类,18,salad,n.,沙拉,,,
第3课,饮食与健康,主食与肉类,19,sandwich,n.,三明治,,,
第3课,饮食与健康,主食与肉类,20,hamburger,n.,汉堡,,,
第3课,饮食与健康,蔬果与饮品,1,fruit,n.,水果,,,
第3课,饮食与健康,蔬果与饮品,2,apple,n.,苹果,,,
第3课,饮食与健康,蔬果与饮品,3,orange,n.,橙子,,,
第3课,饮食与健康,蔬果与饮品,4,banana,n.,香蕉,,,
第3课,饮食与健康,蔬果与饮品,5,grape,n.,葡萄,,,
第3课,饮食与健康,蔬果与饮品,6,pear,n.,梨,,,
第3课,饮食与健康,蔬果与饮品,7,peach,n.,桃子,,,
第3课,饮食与健康,蔬果与饮品,8,watermelon,n.,西瓜,,,
第3课,饮食与健康,蔬果与饮品,9,vegetable,n.,蔬菜,,,
第3课,饮食与健康,蔬果与饮品,10,tomato,n.,番茄,,,
第3课,饮食与健康,蔬果与饮品,11,potato,n.,土豆,,,
第3课,饮食与健康,蔬果与饮品,12,carrot,n.,胡萝卜,,,
第3课,饮食与健康,蔬果与饮品,13,cabbage,n.,卷心菜,,,
第3课,饮食与健康,蔬果与饮品,14,onion,n.,洋葱,,,
第3课,饮食与健康,蔬果与饮品,15,water,n.,水,,,
第3课,饮食与健康,蔬果与饮品,16,juice,n.,果汁,,,
第3课,饮食与健康,蔬果与饮品,17,tea,n.,茶,,,
第3课,饮食与健康,蔬果与饮品,18,coffee,n.,咖啡,,,
第3课,饮食与健康,蔬果与饮品,19,cola,n.,可乐,,,
第3课,饮食与健康,蔬果与饮品,20,yogurt,n.,酸奶,,,
第3课,饮食与健康,味道与用餐,1,taste,v.,品尝,,,
第3课,饮食与健康,味道与用餐,2,delicious,adj.,美味的,,,
第3课,饮食与健康,味道与用餐,3,sweet,adj.,甜的,,,
第3课,饮食与健康,味道与用餐,4,sour,adj.,酸的,,,
第3课,饮食与健康,味道与用餐,5,bitter,adj.,苦的,,,
第3课,饮食与健康,味道与用餐,6,salty,adj.,咸的,,,
第3课,饮食与健康,味道与用餐,7,fresh,adj.,新鲜的,,,
第3课,饮食与健康,味道与用餐,8,smell,v.,闻,,,
第3课,饮食与健康,味道与用餐,9,meal,n.,一餐,,,
第3课,饮食与健康,味道与用餐,10,breakfast,n.,早餐,,,
第3课,饮食与健康,味道与用餐,11,lunch,n.,午餐,,,
第3课,饮食与健康,味道与用餐,12,dinner,n.,晚餐,,,
第3课,饮食与健康,味道与用餐,13,supper,n.,晚饭,,,
第3课,饮食与健康,味道与用餐,14,menu,n.,菜单,,,
第3课,饮食与健康,味道与用餐,15,order,v.,点餐,,,
第3课,饮食与健康,味道与用餐,16,serve,v.,上菜,,,
第3课,饮食与健康,味道与用餐,17,eat,v.,吃,,,
第3课,饮食与健康,味道与用餐,18,drink,v.,喝,,,
第3课,饮食与健康,味道与用餐,19,hungry,adj.,饿的,,,
第3课,饮食与健康,味道与用餐,20,full,adj.,饱的,,,
第3课,饮食与健康,身体与健康,1,body,n.,身体,,,
第3课,饮食与健康,身体与健康,2,head,n.,头,,,
第3课,饮食与健康,身体与健康,3,face,n.,脸,,,
第3课,饮食与健康,身体与健康,4,eye,n.,眼睛,,,
第3课,饮食与健康,身体与健康,5,ear,n.,耳朵,,,
第3课,饮食与健康,身体与健康,6,nose,n.,鼻子,,,
第3课,饮食与健康,身体与健康,7,mouth,n.,嘴,,,
第3课,饮食与健康,身体与健康,8,hand,n.,手,,,
第3课,饮食与健康,身体与健康,9,arm,n.,手臂,,,
第3课,饮食与健康,身体与健康,10,leg,n.,腿,,,
第3课,饮食与健康,身体与健康,11,foot,n.,脚,,,
第3课,饮食与健康,身体与健康,12,heart,n.,心脏,,,
第3课,饮食与健康,身体与健康,13,health,n.,健康,,,
第3课,饮食与健康,身体与健康,14,healthy,adj.,健康的,,,
第3课,饮食与健康,身体与健康,15,sick,adj.,生病的,,,
第3课,饮食与健康,身体与健康,16,ill,adj.,有病的,,,
第3课,饮食与健康,身体与健康,17,illness,n.,疾病,,,
第3课,饮食与健康,身体与健康,18,disease,n.,疾病,,,
第3课,饮食与健康,身体与健康,19,medicine,n.,药,,,
第3课,饮食与健康,身体与健康,20,hospital,n.,医院,,,
第3课,饮食与健康,运动与锻炼,1,sport,n.,运动,,,
第3课,饮食与健康,运动与锻炼,2,exercise,n.,锻炼,,,
第3课,饮食与健康,运动与锻炼,3,game,n.,比赛/游戏,,,
第3课,饮食与健康,运动与锻炼,4,jog,v.,慢跑,,,
第3课,饮食与健康,运动与锻炼,5,race,n.,赛跑,,,
第3课,饮食与健康,运动与锻炼,6,ride,v.,骑行,,,
第3课,饮食与健康,运动与锻炼,7,dive,v.,跳水,,,
第3课,饮食与健康,运动与锻炼,8,skate,v.,滑冰,,,
第3课,饮食与健康,运动与锻炼,9,hike,v.,远足,,,
第3课,饮食与健康,运动与锻炼,10,play,v.,玩/打,,,
第3课,饮食与健康,运动与锻炼,11,ball,n.,球,,,
第3课,饮食与健康,运动与锻炼,12,team,n.,队,,,
第3课,饮食与健康,运动与锻炼,13,win,v.,赢,,,
第3课,饮食与健康,运动与锻炼,14,lose,v.,输,,,
第3课,饮食与健康,运动与锻炼,15,beat,v.,打败,,,
第3课,饮食与健康,运动与锻炼,16,victory,n.,胜利,,,
第3课,饮食与健康,运动与锻炼,17,player,n.,运动员,,,
第3课,饮食与健康,运动与锻炼,18,coach,n.,教练,,,
第3课,饮食与健康,运动与锻炼,19,training,n.,训练,,,
第3课,饮食与健康,运动与锻炼,20,competition,n.,比赛,,,
第4课,旅行与交通,交通工具,1,bus,n.,公交车,,,
第4课,旅行与交通,交通工具,2,car,n.,小汽车,,,
第4课,旅行与交通,交通工具,3,taxi,n.,出租车,,,
第4课,旅行与交通,交通工具,4,train,n.,火车,,,
第4课,旅行与交通,交通工具,5,plane,n.,飞机,,,
第4课,旅行与交通,交通工具,6,ship,n.,轮船,,,
第4课,旅行与交通,交通工具,7,boat,n.,小船,,,
第4课,旅行与交通,交通工具,8,bike,n.,自行车,,,
第4课,旅行与交通,交通工具,9,bicycle,n.,自行车,,,
第4课,旅行与交通,交通工具,10,subway,n.,地铁,,,
第4课,旅行与交通,交通工具,11,truck,n.,卡车,,,
第4课,旅行与交通,交通工具,12,motorcycle,n.,摩托车,,,
第4课,旅行与交通,交通工具,13,helicopter,n.,直升机,,,
第4课,旅行与交通,交通工具,14,rocket,n.,火箭,,,
第4课,旅行与交通,交通工具,15,vehicle,n.,车辆,,,
第4课,旅行与交通,交通工具,16,transport,n.,运输,,,
第4课,旅行与交通,交通工具,17,traffic,n.,交通,,,
第4课,旅行与交通,交通工具,18,ticket,n.,票,,,
第4课,旅行与交通,交通工具,19,station,n.,车站,,,
第4课,旅行与交通,交通工具,20,airport,n.,机场,,,
第4课,旅行与交通,旅行活动,1,travel,v.,旅行,,,
第4课,旅行与交通,旅行活动,2,trip,n.,短途旅行,,,
第4课,旅行与交通,旅行活动,3,journey,n.,旅程,,,
第4课,旅行与交通,旅行活动,4,tour,n.,游览,,,
第4课,旅行与交通,旅行活动,5,tourist,n.,游客,,,
第4课,旅行与交通,旅行活动,6,sightseeing,n.,观光,,,
第4课,旅行与交通,旅行活动,7,vacation,n.,假期,,,
第4课,旅行与交通,旅行活动,8,holiday,n.,假日,,,
第4课,旅行与交通,旅行活动,9,weekend,n.,周末,,,
第4课,旅行与交通,旅行活动,10,camp,n.,营地,,,
第4课,旅行与交通,旅行活动,11,beach,n.,海滩,,,
第4课,旅行与交通,旅行活动,12,mountain,n.,山,,,
第4课,旅行与交通,旅行活动,13,hotel,n.,旅馆,,,
第4课,旅行与交通,旅行活动,14,guide,n.,导游,,,
第4课,旅行与交通,旅行活动,15,luggage,n.,行李,,,
第4课,旅行与交通,旅行活动,16,camera,n.,相机,,,
第4课,旅行与交通,旅行活动,17,souvenir,n.,纪念品,,,
第4课,旅行与交通,旅行活动,18,abroad,adv.,在国外,,,
第4课,旅行与交通,旅行活动,19,adventure,n.,冒险,,,
第4课,旅行与交通,旅行活动,20,explore,v.,探索,,,
第4课,旅行与交通,城市与地点,1,city,n.,城市,,,
第4课,旅行与交通,城市与地点,2,town,n.,城镇,,,
第4课,旅行与交通,城市与地点,3,village,n.,村庄,,,
第4课,旅行与交通,城市与地点,4,country,n.,国家/乡村,,,
第4课,旅行与交通,城市与地点,5,capital,n.,首都,,,
第4课,旅行与交通,城市与地点,6,street,n.,街道,,,
第4课,旅行与交通,城市与地点,7,road,n.,马路,,,
第4课,旅行与交通,城市与地点,8,bridge,n.,桥,,,
第4课,旅行与交通,城市与地点,9,square,n.,广场,,,
第4课,旅行与交通,城市与地点,10,park,n.,公园,,,
第4课,旅行与交通,城市与地点,11,garden,n.,花园,,,
第4课,旅行与交通,城市与地点,12,museum,n.,博物馆,,,
第4课,旅行与交通,城市与地点,13,gallery,n.,美术馆,,,
第4课,旅行与交通,城市与地点,14,theater,n.,剧院,,,
第4课,旅行与交通,城市与地点,15,cinema,n.,电影院,,,
第4课,旅行与交通,城市与地点,16,supermarket,n.,超市,,,
第4课,旅行与交通,城市与地点,17,market,n.,市场,,,
第4课,旅行与交通,城市与地点,18,shop,n.,商店,,,
第4课,旅行与交通,城市与地点,19,store,n.,店铺,,,
第4课,旅行与交通,城市与地点,20,restaurant,n.,餐厅,,,
第4课,旅行与交通,方向与位置,1,north,n.,北方,,,
第4课,旅行与交通,方向与位置,2,south,n.,南方,,,
第4课,旅行与交通,方向与位置,3,east,n.,东方,,,
第4课,旅行与交通,方向与位置,4,west,n.,西方,,,
第4课,旅行与交通,方向与位置,5,left,n.,左边,,,
第4课,旅行与交通,方向与位置,6,right,n.,右边,,,
第4课,旅行与交通,方向与位置,7,front,n.,前面,,,
第4课,旅行与交通,方向与位置,8,back,n.,后面,,,
第4课,旅行与交通,方向与位置,9,top,n.,顶部,,,
第4课,旅行与交通,方向与位置,10,bottom,n.,底部,,,
第4课,旅行与交通,方向与位置,11,middle,n.,中间,,,
第4课,旅行与交通,方向与位置,12,center,n.,中心,,,
第4课,旅行与交通,方向与位置,13,corner,n.,角落,,,
第4课,旅行与交通,方向与位置,14,side,n.,旁边,,,
第4课,旅行与交通,方向与位置,15,between,prep.,在…之间,,,
第4课,旅行与交通,方向与位置,16,beside,prep.,在…旁边,,,
第4课,旅行与交通,方向与位置,17,behind,prep.,在…后面,,,
第4课,旅行与交通,方向与位置,18,near,prep.,在…附近,,,
第4课,旅行与交通,方向与位置,19,far,adv.,远,,,
第4课,旅行与交通,方向与位置,20,opposite,prep.,在…对面,,,
第4课,旅行与交通,天气与气候,1,weather,n.,天气,,,
第4课,旅行与交通,天气与气候,2,sunny,adj.,晴朗的,,,
第4课,旅行与交通,天气与气候,3,rainy,adj.,下雨的,,,
第4课,旅行与交通,天气与气候,4,cloudy,adj.,多云的,,,
第4课,旅行与交通,天气与气候,5,windy,adj.,有风的,,,
第4课,旅行与交通,天气与气候,6,snowy,adj.,下雪的,,,
第4课,旅行与交通,天气与气候,7,foggy,adj.,有雾的,,,
第4课,旅行与交通,天气与气候,8,warm,adj.,温暖的,,,
第4课,旅行与交通,天气与气候,9,hot,adj.,热的,,,
第4课,旅行与交通,天气与气候,10,cool,adj.,凉爽的,,,
第4课,旅行与交通,天气与气候,11,cold,adj.,寒冷的,,,
第4课,旅行与交通,天气与气候,12,dry,adj.,干燥的,,,
第4课,旅行与交通,天气与气候,13,wet,adj.,潮湿的,,,
第4课,旅行与交通,天气与气候,14,season,n.,季节,,,
第4课,旅行与交通,天气与气候,15,spring,n.,春天,,,
第4课,旅行与交通,天气与气候,16,summer,n.,夏天,,,
第4课,旅行与交通,天气与气候,17,autumn,n.,秋天,,,
第4课,旅行与交通,天气与气候,18,winter,n.,冬天,,,
第4课,旅行与交通,天气与气候,19,temperature,n.,温度,,,
第4课,旅行与交通,天气与气候,20,degree,n.,度数,,,
第5课,自然与环境,自然景观,1,nature,n.,自然,,,
第5课,自然与环境,自然景观,2,world,n.,世界,,,
第5课,自然与环境,自然景观,3,earth,n.,地球,,,
第5课,自然与环境,自然景观,4,sky,n.,天空,,,
第5课,自然与环境,自然景观,5,sun,n.,太阳,,,
第5课,自然与环境,自然景观,6,moon,n.,月亮,,,
第5课,自然与环境,自然景观,7,star,n.,星星,,,
第5课,自然与环境,自然景观,8,cloud,n.,云,,,
第5课,自然与环境,自然景观,9,rain,n.,雨,,,
第5课,自然与环境,自然景观,10,snow,n.,雪,,,
第5课,自然与环境,自然景观,11,wind,n.,风,,,
第5课,自然与环境,自然景观,12,storm,n.,暴风雨,,,
第5课,自然与环境,自然景观,13,thunder,n.,雷,,,
第5课,自然与环境,自然景观,14,lightning,n.,闪电,,,
第5课,自然与环境,自然景观,15,river,n.,河流,,,
第5课,自然与环境,自然景观,16,lake,n.,湖泊,,,
第5课,自然与环境,自然景观,17,sea,n.,海,,,
第5课,自然与环境,自然景观,18,ocean,n.,海洋,,,
第5课,自然与环境,自然景观,19,hill,n.,小山,,,
第5课,自然与环境,自然景观,20,valley,n.,山谷,,,
第5课,自然与环境,动物,1,animal,n.,动物,,,
第5课,自然与环境,动物,2,pet,n.,宠物,,,
第5课,自然与环境,动物,3,dog,n.,狗,,,
第5课,自然与环境,动物,4,cat,n.,猫,,,
第5课,自然与环境,动物,5,bird,n.,鸟,,,
第5课,自然与环境,动物,6,horse,n.,马,,,
第5课,自然与环境,动物,7,cow,n.,奶牛,,,
第5课,自然与环境,动物,8,sheep,n.,绵羊,,,
第5课,自然与环境,动物,9,pig,n.,猪,,,
第5课,自然与环境,动物,10,rabbit,n.,兔子,,,
第5课,自然与环境,动物,11,tiger,n.,老虎,,,
第5课,自然与环境,动物,12,lion,n.,狮子,,,
第5课,自然与环境,动物,13,elephant,n.,大象,,,
第5课,自然与环境,动物,14,monkey,n.,猴子,,,
第5课,自然与环境,动物,15,panda,n.,熊猫,,,
第5课,自然与环境,动物,16,bear,n.,熊,,,
第5课,自然与环境,动物,17,snake,n.,蛇,,,
第5课,自然与环境,动物,18,insect,n.,昆虫,,,
第5课,自然与环境,动物,19,wolf,n.,狼,,,
第5课,自然与环境,动物,20,dinosaur,n.,恐龙,,,
第5课,自然与环境,植物与农业,1,plant,n.,植物,,,
第5课,自然与环境,植物与农业,2,tree,n.,树,,,
第5课,自然与环境,植物与农业,3,flower,n.,花,,,
第5课,自然与环境,植物与农业,4,grass,n.,草,,,
第5课,自然与环境,植物与农业,5,leaf,n.,叶子,,,
第5课,自然与环境,植物与农业,6,root,n.,根,,,
第5课,自然与环境,植物与农业,7,seed,n.,种子,,,
第5课,自然与环境,植物与农业,8,forest,n.,森林,,,
第5课,自然与环境,植物与农业,9,wood,n.,木头,,,
第5课,自然与环境,植物与农业,10,branch,n.,树枝,,,
第5课,自然与环境,植物与农业,11,bamboo,n.,竹子,,,
第5课,自然与环境,植物与农业,12,farm,n.,农场,,,
第5课,自然与环境,植物与农业,13,farmer,n.,农民,,,
第5课,自然与环境,植物与农业,14,field,n.,田地,,,
第5课,自然与环境,植物与农业,15,soil,n.,土壤,,,
第5课,自然与环境,植物与农业,16,crop,n.,庄稼,,,
第5课,自然与环境,植物与农业,17,grow,v.,种植/生长,,,
第5课,自然与环境,植物与农业,18,harvest,v.,收割,,,
第5课,自然与环境,植物与农业,19,wild,adj.,野生的,,,
第5课,自然与环境,植物与农业,20,natural,adj.,自然的,,,
第5课,自然与环境,环境保护,1,environment,n.,环境,,,
第5课,自然与环境,环境保护,2,pollution,n.,污染,,,
第5课,自然与环境,环境保护,3,protect,v.,保护,,,
第5课,自然与环境,环境保护,4,save,v.,节约,,,
第5课,自然与环境,环境保护,5,waste,v.,浪费,,,
第5课,自然与环境,环境保护,6,recycle,v.,回收,,,
第5课,自然与环境,环境保护,7,reuse,v.,再利用,,,
第5课,自然与环境,环境保护,8,reduce,v.,减少,,,
第5课,自然与环境,环境保护,9,energy,n.,能源,,,
第5课,自然与环境,环境保护,10,resource,n.,资源,,,
第5课,自然与环境,环境保护,11,climate,n.,气候,,,
第5课,自然与环境,环境保护,12,change,v.,改变,,,
第5课,自然与环境,环境保护,13,global,adj.,全球的,,,
第5课,自然与环境,环境保护,14,green,adj.,绿色的,,,
第5课,自然与环境,环境保护,15,clean,adj.,干净的,,,
第5课,自然与环境,环境保护,16,dirty,adj.,脏的,,,
第5课,自然与环境,环境保护,17,rubbish,n.,垃圾,,,
第5课,自然与环境,环境保护,18,litter,n.,废弃物,,,
第5课,自然与环境,环境保护,19,plastic,n.,塑料,,,
第5课,自然与环境,环境保护,20,carbon,n.,碳,,,
第5课,自然与环境,灾害与安全,1,fire,n.,火,,,
第5课,自然与环境,灾害与安全,2,flood,n.,洪水,,,
第5课,自然与环境,灾害与安全,3,earthquake,n.,地震,,,
第5课,自然与环境,灾害与安全,4,typhoon,n.,台风,,,
第5课,自然与环境,灾害与安全,5,drought,n.,干旱,,,
第5课,自然与环境,灾害与安全,6,accident,n.,事故,,,
第5课,自然与环境,灾害与安全,7,danger,n.,危险,,,
第5课,自然与环境,灾害与安全,8,dangerous,adj.,危险的,,,
第5课,自然与环境,灾害与安全,9,safe,adj.,安全的,,,
第5课,自然与环境,灾害与安全,10,safety,n.,安全,,,
第5课,自然与环境,灾害与安全,11,risk,n.,风险,,,
第5课,自然与环境,灾害与安全,12,rescue,v.,营救,,,
第5课,自然与环境,灾害与安全,13,escape,v.,逃跑,,,
第5课,自然与环境,灾害与安全,14,hide,v.,躲藏,,,
第5课,自然与环境,灾害与安全,15,hurt,v.,受伤,,,
第5课,自然与环境,灾害与安全,16,injure,v.,伤害,,,
第5课,自然与环境,灾害与安全,17,injury,n.,伤害,,,
第5课,自然与环境,灾害与安全,18,damage,v.,损坏,,,
第5课,自然与环境,灾害与安全,19,prevent,v.,预防,,,
第5课,自然与环境,灾害与安全,20,guard,v.,守卫,,,
第6课,情感与性格,正面情感,1,happy,adj.,快乐的,,,
第6课,情感与性格,正面情感,2,glad,adj.,高兴的,,,
第6课,情感与性格,正面情感,3,pleased,adj.,满意的,,,
第6课,情感与性格,正面情感,4,excited,adj.,兴奋的,,,
第6课,情感与性格,正面情感,5,proud,adj.,自豪的,,,
第6课,情感与性格,正面情感,6,confident,adj.,自信的,,,
第6课,情感与性格,正面情感,7,satisfied,adj.,满足的,,,
第6课,情感与性格,正面情感,8,thankful,adj.,感激的,,,
第6课,情感与性格,正面情感,9,grateful,adj.,感恩的,,,
第6课,情感与性格,正面情感,10,hopeful,adj.,有希望的,,,
第6课,情感与性格,正面情感,11,cheerful,adj.,快乐的,,,
第6课,情感与性格,正面情感,12,lucky,adj.,幸运的,,,
第6课,情感与性格,正面情感,13,comfortable,adj.,舒服的,,,
第6课,情感与性格,正面情感,14,relaxed,adj.,放松的,,,
第6课,情感与性格,正面情感,15,surprised,adj.,惊讶的,,,
第6课,情感与性格,正面情感,16,amazed,adj.,惊奇的,,,
第6课,情感与性格,正面情感,17,interested,adj.,感兴趣的,,,
第6课,情感与性格,正面情感,18,wonderful,adj.,极好的,,,
第6课,情感与性格,正面情感,19,pleasant,adj.,令人愉快的,,,
第6课,情感与性格,正面情感,20,joy,n.,欢乐,,,
第6课,情感与性格,负面情感,1,sad,adj.,悲伤的,,,
第6课,情感与性格,负面情感,2,unhappy,adj.,不开心的,,,
第6课,情感与性格,负面情感,3,angry,adj.,生气的,,,
第6课,情感与性格,负面情感,4,mad,adj.,发疯的,,,
第6课,情感与性格,负面情感,5,nervous,adj.,紧张的,,,
第6课,情感与性格,负面情感,6,worried,adj.,担心的,,,
第6课,情感与性格,负面情感,7,afraid,adj.,害怕的,,,
第6课,情感与性格,负面情感,8,scared,adj.,受惊的,,,
第6课,情感与性格,负面情感,9,frightened,adj.,惊吓的,,,
第6课,情感与性格,负面情感,10,bored,adj.,无聊的,,,
第6课,情感与性格,负面情感,11,tired,adj.,累的,,,
第6课,情感与性格,负面情感,12,lonely,adj.,孤独的,,,
第6课,情感与性格,负面情感,13,upset,adj.,难过的,,,
第6课,情感与性格,负面情感,14,disappointed,adj.,失望的,,,
第6课,情感与性格,负面情感,15,embarrassed,adj.,尴尬的,,,
第6课,情感与性格,负面情感,16,anxious,adj.,焦虑的,,,
第6课,情感与性格,负面情感,17,stressed,adj.,压力大的,,,
第6课,情感与性格,负面情感,18,painful,adj.,痛苦的,,,
第6课,情感与性格,负面情感,19,regret,v.,后悔,,,
第6课,情感与性格,负面情感,20,fear,n.,恐惧,,,
第6课,情感与性格,性格品质,1,kind,adj.,善良的,,,
第6课,情感与性格,性格品质,2,friendly,adj.,友好的,,,
第6课,情感与性格,性格品质,3,honest,adj.,诚实的,,,
第6课,情感与性格,性格品质,4,brave,adj.,勇敢的,,,
第6课,情感与性格,性格品质,5,careful,adj.,细心的,,,
第6课,情感与性格,性格品质,6,careless,adj.,粗心的,,,
第6课,情感与性格,性格品质,7,patient,adj.,耐心的,,,
第6课,情感与性格,性格品质,8,generous,adj.,慷慨的,,,
第6课,情感与性格,性格品质,9,polite,adj.,礼貌的,,,
第6课,情感与性格,性格品质,10,rude,adj.,粗鲁的,,,
第6课,情感与性格,性格品质,11,lazy,adj.,懒惰的,,,
第6课,情感与性格,性格品质,12,hardworking,adj.,勤奋的,,,
第6课,情感与性格,性格品质,13,serious,adj.,严肃的,,,
第6课,情感与性格,性格品质,14,funny,adj.,有趣的,,,
第6课,情感与性格,性格品质,15,humorous,adj.,幽默的,,,
第6课,情感与性格,性格品质,16,creative,adj.,有创造力的,,,
第6课,情感与性格,性格品质,17,smart,adj.,聪明的,,,
第6课,情感与性格,性格品质,18,clever,adj.,机灵的,,,
第6课,情感与性格,性格品质,19,wise,adj.,明智的,,,
第6课,情感与性格,性格品质,20,foolish,adj.,愚蠢的,,,
第6课,情感与性格,外貌与状态,1,tall,adj.,高的,,,
第6课,情感与性格,外貌与状态,2,short,adj.,矮的,,,
第6课,情感与性格,外貌与状态,3,thin,adj.,瘦的,,,
第6课,情感与性格,外貌与状态,4,heavy,adj.,重的,,,
第6课,情感与性格,外貌与状态,5,fat,adj.,胖的,,,
第6课,情感与性格,外貌与状态,6,strong,adj.,强壮的,,,
第6课,情感与性格,外貌与状态,7,weak,adj.,虚弱的,,,
第6课,情感与性格,外貌与状态,8,young,adj.,年轻的,,,
第6课,情感与性格,外貌与状态,9,old,adj.,年老的,,,
第6课,情感与性格,外貌与状态,10,beautiful,adj.,美丽的,,,
第6课,情感与性格,外貌与状态,11,pretty,adj.,漂亮的,,,
第6课,情感与性格,外貌与状态,12,handsome,adj.,英俊的,,,
第6课,情感与性格,外貌与状态,13,ugly,adj.,丑陋的,,,
第6课,情感与性格,外貌与状态,14,active,adj.,活跃的,,,
第6课,情感与性格,外貌与状态,15,calm,adj.,冷静的,,,
第6课,情感与性格,外貌与状态,16,quiet,adj.,安静的,,,
第6课,情感与性格,外貌与状态,17,noisy,adj.,吵闹的,,,
第6课,情感与性格,外貌与状态,18,shy,adj.,害羞的,,,
第6课,情感与性格,外貌与状态,19,outgoing,adj.,外向的,,,
第6课,情感与性格,外貌与状态,20,gentle,adj.,温柔的,,,
第6课,情感与性格,程度与方式副词,1,very,adv.,非常,,,
第6课,情感与性格,程度与方式副词,2,quite,adv.,相当,,,
第6课,情感与性格,程度与方式副词,3,really,adv.,真正地,,,
第6课,情感与性格,程度与方式副词,4,truly,adv.,真诚地,,,
第6课,情感与性格,程度与方式副词,5,almost,adv.,几乎,,,
第6课,情感与性格,程度与方式副词,6,nearly,adv.,将近,,,
第6课,情感与性格,程度与方式副词,7,hardly,adv.,几乎不,,,
第6课,情感与性格,程度与方式副词,8,extremely,adv.,极其,,,
第6课,情感与性格,程度与方式副词,9,especially,adv.,尤其,,,
第6课,情感与性格,程度与方式副词,10,particularly,adv.,特别地,,,
第6课,情感与性格,程度与方式副词,11,completely,adv.,完全地,,,
第6课,情感与性格,程度与方式副词,12,totally,adv.,完全,,,
第6课,情感与性格,程度与方式副词,13,finally,adv.,最后,,,
第6课,情感与性格,程度与方式副词,14,suddenly,adv.,突然,,,
第6课,情感与性格,程度与方式副词,15,quickly,adv.,快速地,,,
第6课,情感与性格,程度与方式副词,16,slowly,adv.,缓慢地,,,
第6课,情感与性格,程度与方式副词,17,loudly,adv.,大声地,,,
第6课,情感与性格,程度与方式副词,18,softly,adv.,轻轻地,,,
第6课,情感与性格,程度与方式副词,19,easily,adv.,容易地,,,
第6课,情感与性格,程度与方式副词,20,probably,adv.,可能,,,
第7课,动作与行为动词,身体动作,1,walk,v.,步行,,,
第7课,动作与行为动词,身体动作,2,run,v.,奔跑,,,
第7课,动作与行为动词,身体动作,3,jump,v.,跳跃,,,
第7课,动作与行为动词,身体动作,4,climb,v.,攀爬,,,
第7课,动作与行为动词,身体动作,5,swim,v.,游泳,,,
第7课,动作与行为动词,身体动作,6,fly,v.,飞,,,
第7课,动作与行为动词,身体动作,7,dance,v.,跳舞,,,
第7课,动作与行为动词,身体动作,8,sing,v.,唱歌,,,
第7课,动作与行为动词,身体动作,9,draw,v.,画画,,,
第7课,动作与行为动词,身体动作,10,paint,v.,涂色,,,
第7课,动作与行为动词,身体动作,11,cut,v.,切,,,
第7课,动作与行为动词,身体动作,12,push,v.,推,,,
第7课,动作与行为动词,身体动作,13,pull,v.,拉,,,
第7课,动作与行为动词,身体动作,14,carry,v.,搬运,,,
第7课,动作与行为动词,身体动作,15,lift,v.,举起,,,
第7课,动作与行为动词,身体动作,16,throw,v.,扔,,,
第7课,动作与行为动词,身体动作,17,catch,v.,接住,,,
第7课,动作与行为动词,身体动作,18,kick,v.,踢,,,
第7课,动作与行为动词,身体动作,19,hit,v.,打,,,
第7课,动作与行为动词,身体动作,20,knock,v.,敲,,,
第7课,动作与行为动词,手部操作动词,1,take,v.,拿/带,,,
第7课,动作与行为动词,手部操作动词,2,put,v.,放,,,
第7课,动作与行为动词,手部操作动词,3,give,v.,给,,,
第7课,动作与行为动词,手部操作动词,4,bring,v.,带来,,,
第7课,动作与行为动词,手部操作动词,5,send,v.,发送,,,
第7课,动作与行为动词,手部操作动词,6,receive,v.,收到,,,
第7课,动作与行为动词,手部操作动词,7,collect,v.,收集,,,
第7课,动作与行为动词,手部操作动词,8,pick,v.,捡起,,,
第7课,动作与行为动词,手部操作动词,9,choose,v.,选择,,,
第7课,动作与行为动词,手部操作动词,10,select,v.,挑选,,,
第7课,动作与行为动词,手部操作动词,11,use,v.,使用,,,
第7课,动作与行为动词,手部操作动词,12,make,v.,制作,,,
第7课,动作与行为动词,手部操作动词,13,build,v.,建造,,,
第7课,动作与行为动词,手部操作动词,14,create,v.,创造,,,
第7课,动作与行为动词,手部操作动词,15,produce,v.,生产,,,
第7课,动作与行为动词,手部操作动词,16,repair,v.,修理,,,
第7课,动作与行为动词,手部操作动词,17,fix,v.,修复,,,
第7课,动作与行为动词,手部操作动词,18,break,v.,打破,,,
第7课,动作与行为动词,手部操作动词,19,open,v.,打开,,,
第7课,动作与行为动词,手部操作动词,20,close,v.,关闭,,,
第7课,动作与行为动词,感官与认知动词,1,see,v.,看见,,,
第7课,动作与行为动词,感官与认知动词,2,look,v.,看,,,
第7课,动作与行为动词,感官与认知动词,3,watch,v.,观看,,,
第7课,动作与行为动词,感官与认知动词,4,observe,v.,观察,,,
第7课,动作与行为动词,感官与认知动词,5,hear,v.,听见,,,
第7课,动作与行为动词,感官与认知动词,6,stare,v.,凝视,,,
第7课,动作与行为动词,感官与认知动词,7,feel,v.,感觉,,,
第7课,动作与行为动词,感官与认知动词,8,touch,v.,触摸,,,
第7课,动作与行为动词,感官与认知动词,9,sense,v.,感觉到,,,
第7课,动作与行为动词,感官与认知动词,10,know,v.,知道,,,
第7课,动作与行为动词,感官与认知动词,11,think,v.,思考,,,
第7课,动作与行为动词,感官与认知动词,12,remember,v.,记得,,,
第7课,动作与行为动词,感官与认知动词,13,forget,v.,忘记,,,
第7课,动作与行为动词,感官与认知动词,14,realize,v.,意识到,,,
第7课,动作与行为动词,感官与认知动词,15,imagine,v.,想象,,,
第7课,动作与行为动词,感官与认知动词,16,wonder,v.,想知道,,,
第7课,动作与行为动词,感官与认知动词,17,guess,v.,猜,,,
第7课,动作与行为动词,感官与认知动词,18,decide,v.,决定,,,
第7课,动作与行为动词,感官与认知动词,19,mean,v.,意思是,,,
第7课,动作与行为动词,感官与认知动词,20,recognize,v.,认出,,,
第7课,动作与行为动词,心理与情感动词,1,love,v.,爱,,,
第7课,动作与行为动词,心理与情感动词,2,like,v.,喜欢,,,
第7课,动作与行为动词,心理与情感动词,3,hate,v.,讨厌,,,
第7课,动作与行为动词,心理与情感动词,4,enjoy,v.,享受,,,
第7课,动作与行为动词,心理与情感动词,5,prefer,v.,更喜欢,,,
第7课,动作与行为动词,心理与情感动词,6,hope,v.,希望,,,
第7课,动作与行为动词,心理与情感动词,7,wish,v.,祝愿,,,
第7课,动作与行为动词,心理与情感动词,8,want,v.,想要,,,
第7课,动作与行为动词,心理与情感动词,9,need,v.,需要,,,
第7课,动作与行为动词,心理与情感动词,10,care,v.,在乎,,,
第7课,动作与行为动词,心理与情感动词,11,worry,v.,担心,,,
第7课,动作与行为动词,心理与情感动词,12,surprise,v.,使惊讶,,,
第7课,动作与行为动词,心理与情感动词,13,interest,v.,使感兴趣,,,
第7课,动作与行为动词,心理与情感动词,14,excite,v.,使兴奋,,,
第7课,动作与行为动词,心理与情感动词,15,satisfy,v.,使满意,,,
第7课,动作与行为动词,心理与情感动词,16,disappoint,v.,使失望,,,
第7课,动作与行为动词,心理与情感动词,17,frighten,v.,使惊吓,,,
第7课,动作与行为动词,心理与情感动词,18,bore,v.,使无聊,,,
第7课,动作与行为动词,心理与情感动词,19,relax,v.,放松,,,
第7课,动作与行为动词,心理与情感动词,20,annoy,v.,使恼怒,,,
第7课,动作与行为动词,变化与状态动词,1,become,v.,变得,,,
第7课,动作与行为动词,变化与状态动词,2,turn,v.,变成,,,
第7课,动作与行为动词,变化与状态动词,3,remain,v.,保持,,,
第7课,动作与行为动词,变化与状态动词,4,stay,v.,停留,,,
第7课,动作与行为动词,变化与状态动词,5,seem,v.,似乎,,,
第7课,动作与行为动词,变化与状态动词,6,appear,v.,出现,,,
第7课,动作与行为动词,变化与状态动词,7,happen,v.,发生,,,
第7课,动作与行为动词,变化与状态动词,8,occur,v.,发生,,,
第7课,动作与行为动词,变化与状态动词,9,cause,v.,引起,,,
第7课,动作与行为动词,变化与状态动词,10,start,v.,开始,,,
第7课,动作与行为动词,变化与状态动词,11,begin,v.,开始,,,
第7课,动作与行为动词,变化与状态动词,12,end,v.,结束,,,
第7课,动作与行为动词,变化与状态动词,13,stop,v.,停止,,,
第7课,动作与行为动词,变化与状态动词,14,continue,v.,继续,,,
第7课,动作与行为动词,变化与状态动词,15,last,v.,持续,,,
第7课,动作与行为动词,变化与状态动词,16,rise,v.,上升,,,
第7课,动作与行为动词,变化与状态动词,17,fall,v.,落下,,,
第7课,动作与行为动词,变化与状态动词,18,increase,v.,增加,,,
第7课,动作与行为动词,变化与状态动词,19,decrease,v.,减少,,,
第7课,动作与行为动词,变化与状态动词,20,develop,v.,发展,,,
第8课,时间与功能词,时间单位,1,time,n.,时间,,,
第8课,时间与功能词,时间单位,2,year,n.,年,,,
第8课,时间与功能词,时间单位,3,month,n.,月,,,
第8课,时间与功能词,时间单位,4,week,n.,周,,,
第8课,时间与功能词,时间单位,5,day,n.,天,,,
第8课,时间与功能词,时间单位,6,hour,n.,小时,,,
第8课,时间与功能词,时间单位,7,minute,n.,分钟,,,
第8课,时间与功能词,时间单位,8,second,n.,秒,,,
第8课,时间与功能词,时间单位,9,morning,n.,早晨,,,
第8课,时间与功能词,时间单位,10,afternoon,n.,下午,,,
第8课,时间与功能词,时间单位,11,evening,n.,晚上,,,
第8课,时间与功能词,时间单位,12,night,n.,夜晚,,,
第8课,时间与功能词,时间单位,13,today,adv.,今天,,,
第8课,时间与功能词,时间单位,14,tomorrow,adv.,明天,,,
第8课,时间与功能词,时间单位,15,yesterday,adv.,昨天,,,
第8课,时间与功能词,时间单位,16,moment,n.,片刻,,,
第8课,时间与功能词,时间单位,17,period,n.,时期,,,
第8课,时间与功能词,时间单位,18,century,n.,世纪,,,
第8课,时间与功能词,时间单位,19,date,n.,日期,,,
第8课,时间与功能词,时间单位,20,age,n.,年龄,,,
第8课,时间与功能词,时间副词与频率,1,now,adv.,现在,,,
第8课,时间与功能词,时间副词与频率,2,then,adv.,然后,,,
第8课,时间与功能词,时间副词与频率,3,soon,adv.,很快,,,
第8课,时间与功能词,时间副词与频率,4,later,adv.,稍后,,,
第8课,时间与功能词,时间副词与频率,5,early,adv.,早,,,
第8课,时间与功能词,时间副词与频率,6,late,adv.,晚,,,
第8课,时间与功能词,时间副词与频率,7,always,adv.,总是,,,
第8课,时间与功能词,时间副词与频率,8,usually,adv.,通常,,,
第8课,时间与功能词,时间副词与频率,9,often,adv.,经常,,,
第8课,时间与功能词,时间副词与频率,10,sometimes,adv.,有时,,,
第8课,时间与功能词,时间副词与频率,11,again,adv.,再次,,,
第8课,时间与功能词,时间副词与频率,12,already,adv.,已经,,,
第8课,时间与功能词,时间副词与频率,13,yet,adv.,还,,,
第8课,时间与功能词,时间副词与频率,14,still,adv.,仍然,,,
第8课,时间与功能词,时间副词与频率,15,just,adv.,刚刚,,,
第8课,时间与功能词,时间副词与频率,16,ever,adv.,曾经,,,
第8课,时间与功能词,时间副词与频率,17,once,adv.,一次,,,
第8课,时间与功能词,时间副词与频率,18,twice,adv.,两次,,,
第8课,时间与功能词,时间副词与频率,19,immediately,adv.,立即,,,
第8课,时间与功能词,时间副词与频率,20,recently,adv.,最近,,,
第8课,时间与功能词,介词与方位,1,in,prep.,在…里,,,
第8课,时间与功能词,介词与方位,2,on,prep.,在…上,,,
第8课,时间与功能词,介词与方位,3,at,prep.,在…,,,
第8课,时间与功能词,介词与方位,4,under,prep.,在…下,,,
第8课,时间与功能词,介词与方位,5,over,prep.,在…上方,,,
第8课,时间与功能词,介词与方位,6,above,prep.,在…上面,,,
第8课,时间与功能词,介词与方位,7,around,prep.,在…周围,,,
第8课,时间与功能词,介词与方位,8,through,prep.,穿过,,,
第8课,时间与功能词,介词与方位,9,across,prep.,横过,,,
第8课,时间与功能词,介词与方位,10,along,prep.,沿着,,,
第8课,时间与功能词,介词与方位,11,past,prep.,经过,,,
第8课,时间与功能词,介词与方位,12,inside,prep.,在…里面,,,
第8课,时间与功能词,介词与方位,13,outside,prep.,在…外面,,,
第8课,时间与功能词,介词与方位,14,onto,prep.,到…上,,,
第8课,时间与功能词,介词与方位,15,into,prep.,进入,,,
第8课,时间与功能词,介词与方位,16,from,prep.,从,,,
第8课,时间与功能词,介词与方位,17,about,prep.,关于,,,
第8课,时间与功能词,介词与方位,18,with,prep.,和…一起,,,
第8课,时间与功能词,介词与方位,19,without,prep.,没有,,,
第8课,时间与功能词,介词与方位,20,against,prep.,反对,,,
第8课,时间与功能词,连词,1,and,conj.,和,,,
第8课,时间与功能词,连词,2,but,conj.,但是,,,
第8课,时间与功能词,连词,3,or,conj.,或者,,,
第8课,时间与功能词,连词,4,so,conj.,所以,,,
第8课,时间与功能词,连词,5,because,conj.,因为,,,
第8课,时间与功能词,连词,6,although,conj.,虽然,,,
第8课,时间与功能词,连词,7,though,conj.,尽管,,,
第8课,时间与功能词,连词,8,if,conj.,如果,,,
第8课,时间与功能词,连词,9,unless,conj.,除非,,,
第8课,时间与功能词,连词,10,when,conj.,当…时,,,
第8课,时间与功能词,连词,11,while,conj.,当…时,,,
第8课,时间与功能词,连词,12,before,conj.,在…之前,,,
第8课,时间与功能词,连词,13,after,conj.,在…之后,,,
第8课,时间与功能词,连词,14,until,conj.,直到,,,
第8课,时间与功能词,连词,15,as,conj.,因为/当,,,
第8课,时间与功能词,连词,16,since,conj.,自从,,,
第8课,时间与功能词,连词,17,than,conj.,比,,,
第8课,时间与功能词,连词,18,whether,conj.,是否,,,
第8课,时间与功能词,连词,19,which,pron.,哪一个,,,
第8课,时间与功能词,连词,20,who,pron.,谁,,,
第8课,时间与功能词,代词与限定,1,this,pron.,这个,,,
第8课,时间与功能词,代词与限定,2,that,pron.,那个,,,
第8课,时间与功能词,代词与限定,3,these,pron.,这些,,,
第8课,时间与功能词,代词与限定,4,those,pron.,那些,,,
第8课,时间与功能词,代词与限定,5,another,pron.,另一个,,,
第8课,时间与功能词,代词与限定,6,other,adj.,其他的,,,
第8课,时间与功能词,代词与限定,7,others,pron.,其他人,,,
第8课,时间与功能词,代词与限定,8,each,pron.,每个,,,
第8课,时间与功能词,代词与限定,9,every,adj.,每一个,,,
第8课,时间与功能词,代词与限定,10,either,pron.,两者之一,,,
第8课,时间与功能词,代词与限定,11,neither,pron.,两者都不,,,
第8课,时间与功能词,代词与限定,12,both,pron.,两者都,,,
第8课,时间与功能词,代词与限定,13,all,pron.,全部,,,
第8课,时间与功能词,代词与限定,14,some,pron.,一些,,,
第8课,时间与功能词,代词与限定,15,any,pron.,任何,,,
第8课,时间与功能词,代词与限定,16,no,det.,没有,,,
第8课,时间与功能词,代词与限定,17,none,pron.,没有一个,,,
第8课,时间与功能词,代词与限定,18,one,num.,一,,,
第8课,时间与功能词,代词与限定,19,such,adj.,这样的,,,
第8课,时间与功能词,代词与限定,20,several,pron.,几个,,,
第9课,社会与科技,职业与社会,1,job,n.,工作,,,
第9课,社会与科技,职业与社会,2,work,n.,工作,,,
第9课,社会与科技,职业与社会,3,worker,n.,工人,,,
第9课,社会与科技,职业与社会,4,doctor,n.,医生,,,
第9课,社会与科技,职业与社会,5,nurse,n.,护士,,,
第9课,社会与科技,职业与社会,6,driver,n.,司机,,,
第9课,社会与科技,职业与社会,7,engineer,n.,工程师,,,
第9课,社会与科技,职业与社会,8,scientist,n.,科学家,,,
第9课,社会与科技,职业与社会,9,artist,n.,艺术家,,,
第9课,社会与科技,职业与社会,10,actor,n.,男演员,,,
第9课,社会与科技,职业与社会,11,actress,n.,女演员,,,
第9课,社会与科技,职业与社会,12,singer,n.,歌手,,,
第9课,社会与科技,职业与社会,13,writer,n.,作家,,,
第9课,社会与科技,职业与社会,14,manager,n.,经理,,,
第9课,社会与科技,职业与社会,15,boss,n.,老板,,,
第9课,社会与科技,职业与社会,16,clerk,n.,职员,,,
第9课,社会与科技,职业与社会,17,waiter,n.,服务员,,,
第9课,社会与科技,职业与社会,18,cook,n.,厨师,,,
第9课,社会与科技,职业与社会,19,pilot,n.,飞行员,,,
第9课,社会与科技,职业与社会,20,businessman,n.,商人,,,
第9课,社会与科技,科技与网络,1,innovation,n.,创新,,,
第9课,社会与科技,科技与网络,2,technology,n.,技术,,,
第9课,社会与科技,科技与网络,3,machine,n.,机器,,,
第9课,社会与科技,科技与网络,4,robot,n.,机器人,,,
第9课,社会与科技,科技与网络,5,internet,n.,互联网,,,
第9课,社会与科技,科技与网络,6,network,n.,网络,,,
第9课,社会与科技,科技与网络,7,website,n.,网站,,,
第9课,社会与科技,科技与网络,8,email,n.,电子邮件,,,
第9课,社会与科技,科技与网络,9,program,n.,程序,,,
第9课,社会与科技,科技与网络,10,software,n.,软件,,,
第9课,社会与科技,科技与网络,11,phone,n.,电话,,,
第9课,社会与科技,科技与网络,12,mobile,adj.,移动的,,,
第9课,社会与科技,科技与网络,13,video,n.,视频,,,
第9课,社会与科技,科技与网络,14,digital,adj.,数字的,,,
第9课,社会与科技,科技与网络,15,data,n.,数据,,,
第9课,社会与科技,科技与网络,16,keyboard,n.,键盘,,,
第9课,社会与科技,科技与网络,17,mouse,n.,鼠标,,,
第9课,社会与科技,科技与网络,18,app,n.,应用程序,,,
第9课,社会与科技,科技与网络,19,online,adj.,在线的,,,
第9课,社会与科技,科技与网络,20,update,v.,更新,,,
第9课,社会与科技,新闻与媒体,1,topic,n.,话题,,,
第9课,社会与科技,新闻与媒体,2,reporter,n.,记者,,,
第9课,社会与科技,新闻与媒体,3,media,n.,媒体,,,
第9课,社会与科技,新闻与媒体,4,radio,n.,收音机,,,
第9课,社会与科技,新闻与媒体,5,television,n.,电视,,,
第9课,社会与科技,新闻与媒体,6,channel,n.,频道,,,
第9课,社会与科技,新闻与媒体,7,interview,n.,采访,,,
第9课,社会与科技,新闻与媒体,8,story,n.,故事,,,
第9课,社会与科技,新闻与媒体,9,headline,n.,标题,,,
第9课,社会与科技,新闻与媒体,10,advertisement,n.,广告,,,
第9课,社会与科技,新闻与媒体,11,broadcast,v.,广播,,,
第9课,社会与科技,新闻与媒体,12,press,n.,新闻界,,,
第9课,社会与科技,新闻与媒体,13,publish,v.,出版,,,
第9课,社会与科技,新闻与媒体,14,editor,n.,编辑,,,
第9课,社会与科技,新闻与媒体,15,cartoon,n.,卡通,,,
第9课,社会与科技,新闻与媒体,16,comedy,n.,喜剧,,,
第9课,社会与科技,新闻与媒体,17,drama,n.,戏剧,,,
第9课,社会与科技,新闻与媒体,18,movie,n.,电影,,,
第9课,社会与科技,新闻与媒体,19,film,n.,电影,,,
第9课,社会与科技,新闻与媒体,20,show,n.,节目,,,
第9课,社会与科技,经济与购物,1,money,n.,钱,,,
第9课,社会与科技,经济与购物,2,price,n.,价格,,,
第9课,社会与科技,经济与购物,3,cost,n.,成本,,,
第9课,社会与科技,经济与购物,4,pay,v.,付款,,,
第9课,社会与科技,经济与购物,5,spend,v.,花费,,,
第9课,社会与科技,经济与购物,6,buy,v.,买,,,
第9课,社会与科技,经济与购物,7,sell,v.,卖,,,
第9课,社会与科技,经济与购物,8,sale,n.,销售,,,
第9课,社会与科技,经济与购物,9,business,n.,生意,,,
第9课,社会与科技,经济与购物,10,trade,n.,贸易,,,
第9课,社会与科技,经济与购物,11,coin,n.,硬币,,,
第9课,社会与科技,经济与购物,12,cheap,adj.,便宜的,,,
第9课,社会与科技,经济与购物,13,expensive,adj.,昂贵的,,,
第9课,社会与科技,经济与购物,14,rich,adj.,富有的,,,
第9课,社会与科技,经济与购物,15,poor,adj.,贫穷的,,,
第9课,社会与科技,经济与购物,16,value,n.,价值,,,
第9课,社会与科技,经济与购物,17,worth,adj.,值得的,,,
第9课,社会与科技,经济与购物,18,afford,v.,负担得起,,,
第9课,社会与科技,经济与购物,19,borrow,v.,借入,,,
第9课,社会与科技,经济与购物,20,lend,v.,借出,,,
第9课,社会与科技,法律与规则,1,law,n.,法律,,,
第9课,社会与科技,法律与规则,2,discipline,n.,纪律,,,
第9课,社会与科技,法律与规则,3,obey,v.,遵守,,,
第9课,社会与科技,法律与规则,4,allow,v.,允许,,,
第9课,社会与科技,法律与规则,5,permit,v.,准许,,,
第9课,社会与科技,法律与规则,6,forbid,v.,禁止,,,
第9课,社会与科技,法律与规则,7,punish,v.,惩罚,,,
第9课,社会与科技,法律与规则,8,crime,n.,犯罪,,,
第9课,社会与科技,法律与规则,9,thief,n.,小偷,,,
第9课,社会与科技,法律与规则,10,steal,v.,偷,,,
第9课,社会与科技,法律与规则,11,court,n.,法庭,,,
第9课,社会与科技,法律与规则,12,duty,n.,职责,,,
第9课,社会与科技,法律与规则,13,responsibility,n.,责任,,,
第9课,社会与科技,法律与规则,14,power,n.,权力,,,
第9课,社会与科技,法律与规则,15,freedom,n.,自由,,,
第9课,社会与科技,法律与规则,16,fair,adj.,公平的,,,
第9课,社会与科技,法律与规则,17,equal,adj.,平等的,,,
第9课,社会与科技,法律与规则,18,citizen,n.,公民,,,
第9课,社会与科技,法律与规则,19,society,n.,社会,,,
第9课,社会与科技,法律与规则,20,public,adj.,公共的,,,
第10课,抽象概念与综合,抽象名词,1,dream,n.,梦想,,,
第10课,抽象概念与综合,抽象名词,2,aim,n.,目的,,,
第10课,抽象概念与综合,抽象名词,3,fact,n.,事实,,,
第10课,抽象概念与综合,抽象名词,4,truth,n.,真相,,,
第10课,抽象概念与综合,抽象名词,5,lie,n.,谎言,,,
第10课,抽象概念与综合,抽象名词,6,example,n.,例子,,,
第10课,抽象概念与综合,抽象名词,7,method,n.,方法,,,
第10课,抽象概念与综合,抽象名词,8,way,n.,方式,,,
第10课,抽象概念与综合,抽象名词,9,chance,n.,机会,,,
第10课,抽象概念与综合,抽象名词,10,opportunity,n.,机遇,,,
第10课,抽象概念与综合,抽象名词,11,experience,n.,经验,,,
第10课,抽象概念与综合,抽象名词,12,memory,n.,记忆,,,
第10课,抽象概念与综合,抽象名词,13,mind,n.,头脑,,,
第10课,抽象概念与综合,抽象名词,14,life,n.,生活,,,
第10课,抽象概念与综合,抽象名词,15,death,n.,死亡,,,
第10课,抽象概念与综合,抽象名词,16,future,n.,未来,,,
第10课,抽象概念与综合,抽象名词,17,tradition,n.,传统,,,
第10课,抽象概念与综合,抽象名词,18,present,n.,现在,,,
第10课,抽象概念与综合,抽象名词,19,peace,n.,和平,,,
第10课,抽象概念与综合,抽象名词,20,war,n.,战争,,,
第10课,抽象概念与综合,抽象形容词,1,important,adj.,重要的,,,
第10课,抽象概念与综合,抽象形容词,2,necessary,adj.,必要的,,,
第10课,抽象概念与综合,抽象形容词,3,possible,adj.,可能的,,,
第10课,抽象概念与综合,抽象形容词,4,impossible,adj.,不可能的,,,
第10课,抽象概念与综合,抽象形容词,5,useful,adj.,有用的,,,
第10课,抽象概念与综合,抽象形容词,6,popular,adj.,受欢迎的,,,
第10课,抽象概念与综合,抽象形容词,7,famous,adj.,著名的,,,
第10课,抽象概念与综合,抽象形容词,8,modern,adj.,现代的,,,
第10课,抽象概念与综合,抽象形容词,9,ancient,adj.,古代的,,,
第10课,抽象概念与综合,抽象形容词,10,common,adj.,常见的,,,
第10课,抽象概念与综合,抽象形容词,11,unusual,adj.,不寻常的,,,
第10课,抽象概念与综合,抽象形容词,12,strange,adj.,奇怪的,,,
第10课,抽象概念与综合,抽象形容词,13,general,adj.,普遍的,,,
第10课,抽象概念与综合,抽象形容词,14,particular,adj.,特定的,,,
第10课,抽象概念与综合,抽象形容词,15,personal,adj.,个人的,,,
第10课,抽象概念与综合,抽象形容词,16,national,adj.,国家的,,,
第10课,抽象概念与综合,抽象形容词,17,international,adj.,国际的,,,
第10课,抽象概念与综合,抽象形容词,18,local,adj.,当地的,,,
第10课,抽象概念与综合,抽象形容词,19,similar,adj.,相似的,,,
第10课,抽象概念与综合,抽象形容词,20,different,adj.,不同的,,,
第10课,抽象概念与综合,数量与程度,1,many,adj.,许多,,,
第10课,抽象概念与综合,数量与程度,2,much,adj.,许多,,,
第10课,抽象概念与综合,数量与程度,3,more,adj.,更多,,,
第10课,抽象概念与综合,数量与程度,4,most,adj.,最多,,,
第10课,抽象概念与综合,数量与程度,5,few,adj.,少数,,,
第10课,抽象概念与综合,数量与程度,6,little,adj.,少量,,,
第10课,抽象概念与综合,数量与程度,7,less,adj.,更少,,,
第10课,抽象概念与综合,数量与程度,8,least,adj.,最少,,,
第10课,抽象概念与综合,数量与程度,9,enough,adj.,足够的,,,
第10课,抽象概念与综合,数量与程度,10,number,n.,数量,,,
第10课,抽象概念与综合,数量与程度,11,amount,n.,总量,,,
第10课,抽象概念与综合,数量与程度,12,total,adj.,总的,,,
第10课,抽象概念与综合,数量与程度,13,whole,adj.,整个的,,,
第10课,抽象概念与综合,数量与程度,14,half,n.,一半,,,
第10课,抽象概念与综合,数量与程度,15,quarter,n.,四分之一,,,
第10课,抽象概念与综合,数量与程度,16,double,adj.,双倍的,,,
第10课,抽象概念与综合,数量与程度,17,single,adj.,单个的,,,
第10课,抽象概念与综合,数量与程度,18,couple,n.,一对,,,
第10课,抽象概念与综合,数量与程度,19,dozen,n.,一打,,,
第10课,抽象概念与综合,数量与程度,20,percentage,n.,百分比,,,
第10课,抽象概念与综合,高频动词与情态,1,do,v.,做,,,
第10课,抽象概念与综合,高频动词与情态,2,have,v.,有,,,
第10课,抽象概念与综合,高频动词与情态,3,go,v.,去,,,
第10课,抽象概念与综合,高频动词与情态,4,come,v.,来,,,
第10课,抽象概念与综合,高频动词与情态,5,let,v.,让,,,
第10课,抽象概念与综合,高频动词与情态,6,find,v.,找到,,,
第10课,抽象概念与综合,高频动词与情态,7,hold,v.,握住,,,
第10课,抽象概念与综合,高频动词与情态,8,move,v.,移动,,,
第10课,抽象概念与综合,高频动词与情态,9,leave,v.,离开,,,
第10课,抽象概念与综合,高频动词与情态,10,arrive,v.,到达,,,
第10课,抽象概念与综合,高频动词与情态,11,reach,v.,抵达,,,
第10课,抽象概念与综合,高频动词与情态,12,return,v.,返回,,,
第10课,抽象概念与综合,高频动词与情态,13,live,v.,居住,,,
第10课,抽象概念与综合,高频动词与情态,14,must,aux.,必须,,,
第10课,抽象概念与综合,高频动词与情态,15,may,aux.,可以,,,
第10课,抽象概念与综合,高频动词与情态,16,might,aux.,可能,,,
第10课,抽象概念与综合,高频动词与情态,17,could,aux.,可以,,,
第10课,抽象概念与综合,高频动词与情态,18,would,aux.,将会,,,
第10课,抽象概念与综合,高频动词与情态,19,shall,aux.,将要,,,
第10课,抽象概念与综合,高频动词与情态,20,ought,aux.,应该,,,
第10课,抽象概念与综合,连接与逻辑副词,1,actually,adv.,实际上,,,
第10课,抽象概念与综合,连接与逻辑副词,2,exactly,adv.,确切地,,,
第10课,抽象概念与综合,连接与逻辑副词,3,certainly,adv.,当然,,,
第10课,抽象概念与综合,连接与逻辑副词,4,surely,adv.,确实,,,
第10课,抽象概念与综合,连接与逻辑副词,5,perhaps,adv.,也许,,,
第10课,抽象概念与综合,连接与逻辑副词,6,maybe,adv.,或许,,,
第10课,抽象概念与综合,连接与逻辑副词,7,anyway,adv.,无论如何,,,
第10课,抽象概念与综合,连接与逻辑副词,8,therefore,adv.,因此,,,
第10课,抽象概念与综合,连接与逻辑副词,9,besides,adv.,此外,,,
第10课,抽象概念与综合,连接与逻辑副词,10,instead,adv.,代替,,,
第10课,抽象概念与综合,连接与逻辑副词,11,otherwise,adv.,否则,,,
第10课,抽象概念与综合,连接与逻辑副词,12,whatever,pron.,无论什么,,,
第10课,抽象概念与综合,连接与逻辑副词,13,whenever,conj.,无论何时,,,
第10课,抽象概念与综合,连接与逻辑副词,14,wherever,conj.,无论哪里,,,
第10课,抽象概念与综合,连接与逻辑副词,15,whoever,pron.,无论谁,,,
第10课,抽象概念与综合,连接与逻辑副词,16,moreover,adv.,而且,,,
第10课,抽象概念与综合,连接与逻辑副词,17,indeed,adv.,的确,,,
第10课,抽象概念与综合,连接与逻辑副词,18,obviously,adv.,显然,,,
第10课,抽象概念与综合,连接与逻辑副词,19,fortunately,adv.,幸运地,,,
第10课,抽象概念与综合,连接与逻辑副词,20,unfortunately,adv.,不幸地,,,
